seconds,queue,workers,pages_per_s
-60,0.0,0.0,0.0
-55,0.0,0.0,0.0
-50,0.0,0.0,0.0
-45,0.0,0.0,0.0
-40,0.0,0.0,0.0
-35,0.0,0.0,0.0
-30,0.0,0.0,0.0
-25,0.0,0.0,0.0
-20,0.0,0.0,0.0
-15,0.0,0.0,0.0
-10,0.0,0.0,0.0
-5,0.0,0.0,0.0
0,20.0,1.0,0.0
5,20.0,1.0,15.3
10,20.0,1.0,23.9
15,175.0,1.0,34.2
20,175.0,1.0,41.8
25,175.0,4.0,47.8
30,206.0,4.0,95.6
35,206.0,4.0,119.4
40,206.0,4.0,142.0
45,135.0,4.0,154.8
50,135.0,4.0,178.1
55,135.0,4.0,161.7
60,19.0,4.0,123.2
65,19.0,4.0,84.3
70,19.0,4.0,57.7
75,0.0,4.0,21.7
80,0.0,4.0,0.0
85,0.0,4.0,0.0
90,0.0,4.0,0.0
95,0.0,4.0,0.0
100,0.0,4.0,0.0
105,0.0,4.0,0.0
110,0.0,4.0,0.0
115,0.0,2.0,0.0
120,0.0,1.0,0.0
125,0.0,1.0,0.0
130,0.0,1.0,0.0
135,0.0,0.0,0.0
140,0.0,0.0,0.0
145,0.0,0.0,0.0
150,0.0,0.0,0.0
155,0.0,0.0,0.0
160,0.0,0.0,0.0
165,0.0,0.0,0.0
170,0.0,0.0,0.0
175,0.0,0.0,0.0
180,0.0,0.0,0.0
185,0.0,0.0,0.0
190,0.0,0.0,0.0
