run_id,repeat,workers,runs,pdfs,pages,seconds,pages_per_s,speedup,receive_ms_per_page,download_ms_per_page,extract_ms_per_page,index_ms_per_page,delete_ms_per_page,worker_cpu_cores,redis_cpu_cores,cluster_cpu_cores
20261004-sweep1,1,1,,150,3183,58.9,54.1,1.0,3.59,4.66,0.94,5.36,3.26,0.33,0.09,0.64
20261004-sweep1,1,2,,150,3183,31.7,100.4,1.86,3.65,4.58,1.07,6.28,3.34,0.55,0.16,1.14
20261004-sweep1,1,3,,150,3183,23.7,134.5,2.49,3.76,4.84,1.2,7.55,3.37,0.85,0.21,1.74
20261004-sweep1,1,4,,150,3183,31.1,102.4,1.89,3.81,5.28,2.15,19.88,3.88,1.18,0.31,2.27
20261004-sweep1,1,5,,150,3183,18.9,168.2,3.11,3.86,5.22,1.56,11.28,3.49,1.68,0.29,2.55
20261004-sweep1,1,6,,150,3183,18.2,175.1,3.24,4.07,5.31,1.63,13.23,3.73,2.19,0.29,2.58
20261004191634,1,1,,150,3183,60.2,52.9,,3.61,4.68,1.0,5.77,3.4,0.32,0.11,0.71
20261004191634,1,2,,150,3183,30.7,103.7,,3.59,4.53,1.01,5.96,3.31,0.63,0.17,1.1
20261004191634,1,3,,150,3183,23.7,134.4,,3.7,4.66,1.12,7.21,3.38,0.92,0.2,1.62
20261004191634,1,4,,150,3183,22.8,139.9,,4.81,5.47,1.23,8.27,5.34,1.09,0.21,1.84
20261004191634,1,5,,150,3183,18.8,169.3,,4.79,5.83,1.43,10.09,5.04,1.68,0.26,2.7
20261004191634,1,6,,150,3183,16.6,191.6,,5.09,6.04,1.43,10.34,5.12,1.9,0.3,2.55
20261004191634,2,1,,150,3183,70.4,45.2,,4.63,5.15,0.99,6.02,4.78,0.24,0.1,0.64
20261004191634,2,2,,150,3183,36.0,88.5,,4.8,5.15,1.06,6.15,4.64,0.5,0.14,0.95
20261004191634,2,3,,150,3183,21.5,148.4,,3.76,4.73,1.02,6.07,3.35,0.71,0.2,1.25
20261004191634,2,4,,150,3183,18.8,169.7,,3.73,4.82,1.2,7.79,3.52,1.12,0.23,2.06
20261004191634,2,5,,150,3183,17.8,178.9,,3.8,5.15,1.36,10.11,3.47,1.39,0.26,2.16
20261004191634,2,6,,150,3183,17.1,186.1,,4.22,5.24,1.63,12.83,3.7,2.25,0.29,3.03
